{
  "project_info": {
    "project_number": "989927324595",
    "project_id": "andro-project-feb4b",
    "storage_bucket": "andro-project-feb4b.appspot.com"
  },
  "client": [
    {
      "client_info": {
        "mobilesdk_app_id": "1:989927324595:android:f43ddb35c5fa69891b69c6",
        "android_client_info": {
          "package_name": "com.example.project_andro"
        }
      },
      "oauth_client": [
        {
          "client_id": "989927324595-4hdtdhkh1931bert1gnh8ho5qmor93ie.apps.googleusercontent.com",
          "client_type": 3
        }
      ],
      "api_key": [
        {
          "current_key": "AIzaSyAcrF10zRQgjFgQP4Hwbn47DeNcGZXE8n8"
        }
      ],
      "services": {
        "appinvite_service": {
          "other_platform_oauth_client": [
            {
              "client_id": "989927324595-4hdtdhkh1931bert1gnh8ho5qmor93ie.apps.googleusercontent.com",
              "client_type": 3
            }
          ]
        }
      }
    }
  ],
  "configuration_version": "1"
}